firstName203,lastName203,Mon Dec 08 00:00:00 IST 94,0.0

firstName205,lastName205,Sat Jan 11 00:00:00 IST 94,0.0

firstName2,lastName2,Sun Dec 30 00:00:00 IST 92,5.0

firstName206,lastName206,Sat Nov 09 00:00:00 IST 93,0.0

firstName207,lastName207,Thu Sep 05 00:00:00 IST 93,0.0

firstName208,lastName208,Tue Aug 06 00:00:00 IST 93,0.0

firstName3,lastName3,Sun Dec 30 00:00:00 IST 92,5.0

firstName209,lastName209,Sun Aug 11 00:00:00 IST 93,0.0

firstName210,lastName210,Mon Jan 05 00:00:00 IST 95,0.0

firstName211,lastName211,Mon May 04 00:00:00 IST 95,0.0

firstName4,lastName4,Sun Dec 30 00:00:00 IST 92,5.0

firstName212,lastName212,Sat Jan 11 00:00:00 IST 94,0.0

firstName213,lastName213,Fri Oct 03 00:00:00 IST 94,0.0

firstName5,lastName5,Sun Jan 01 00:00:00 IST 92,10.0

firstName214,lastName214,Thu Sep 05 00:00:00 IST 93,0.0

firstName215,lastName215,Wed Feb 06 00:00:00 IST 93,0.0

firstName216,lastName216,Tue Sep 10 00:00:00 IST 93,0.0

firstName217,lastName217,Thu Mar 07 00:00:00 IST 93,0.0

firstName218,lastName218,Fri May 09 00:00:00 IST 94,0.0

firstName219,lastName219,Mon Mar 03 00:00:00 IST 94,0.0

firstName220,lastName220,Wed Dec 11 00:00:00 IST 93,0.0

firstName221,lastName221,Sun Jul 06 00:00:00 IST 94,0.0

firstName6,lastName6,Sun Jan 01 00:00:00 IST 92,7.0

firstName222,lastName222,Fri Aug 10 00:00:00 IST 92,0.0

firstName223,lastName223,Sun May 05 00:00:00 IST 93,0.0

firstName7,lastName7,Sun Dec 30 00:00:00 IST 92,2.0

firstName224,lastName224,Wed Dec 11 00:00:00 IST 93,0.0

firstName225,lastName225,Thu Jan 12 00:00:00 IST 92,0.0

firstName8,lastName8,Sun Dec 30 00:00:00 IST 92,2.0

firstName226,lastName226,Mon Mar 12 00:00:00 IST 92,0.0

firstName227,lastName227,Mon Apr 06 00:00:00 IST 95,0.0

firstName9,lastName9,Sun Dec 30 00:00:00 IST 92,9.0

firstName228,lastName228,Mon Sep 09 00:00:00 IST 93,0.0

firstName229,lastName229,Sat May 11 00:00:00 IST 93,0.0

firstName230,lastName230,Wed Apr 08 00:00:00 IST 95,0.0

firstName10,lastName10,Sun Dec 30 00:00:00 IST 92,10.0

firstName231,lastName231,Sat Dec 06 00:00:00 IST 94,0.0

firstName232,lastName232,Tue Jun 04 00:00:00 IST 93,0.0

firstName11,lastName11,Sun Dec 30 00:00:00 IST 92,7.0

firstName233,lastName233,Wed Nov 06 00:00:00 IST 93,0.0

firstName234,lastName234,Sun Nov 11 00:00:00 IST 92,0.0

firstName235,lastName235,Thu Feb 07 00:00:00 IST 93,0.0

firstName236,lastName236,Mon Mar 10 00:00:00 IST 94,0.0

firstName237,lastName237,Mon Sep 08 00:00:00 IST 94,0.0

firstName238,lastName238,Mon Jun 11 00:00:00 IST 92,0.0

firstName239,lastName239,Sun Feb 02 00:00:00 IST 94,0.0

firstName240,lastName240,Sat Oct 05 00:00:00 IST 93,0.0

firstName241,lastName241,Thu Jan 03 00:00:00 IST 93,0.0

firstName242,lastName242,Fri Dec 05 00:00:00 IST 94,0.0

firstName243,lastName243,Fri Jul 04 00:00:00 IST 94,0.0

firstName244,lastName244,Wed Jan 07 00:00:00 IST 95,0.0

firstName245,lastName245,Fri May 09 00:00:00 IST 94,0.0

firstName246,lastName246,Wed Feb 12 00:00:00 IST 94,0.0

firstName247,lastName247,Thu Mar 05 00:00:00 IST 95,0.0

firstName248,lastName248,Thu Mar 06 00:00:00 IST 94,0.0

firstName249,lastName249,Thu Dec 04 00:00:00 IST 94,0.0

firstName250,lastName250,Sun May 05 00:00:00 IST 93,0.0

firstName251,lastName251,Mon Apr 01 00:00:00 IST 93,0.0

firstName252,lastName252,Tue Dec 02 00:00:00 IST 94,0.0

firstName253,lastName253,Fri Oct 04 00:00:00 IST 93,0.0

firstName254,lastName254,Mon Apr 06 00:00:00 IST 95,0.0

firstName255,lastName255,Fri Oct 11 00:00:00 IST 93,0.0

firstName256,lastName256,Thu Oct 03 00:00:00 IST 93,0.0

firstName257,lastName257,Thu Feb 05 00:00:00 IST 95,0.0

firstName258,lastName258,Tue Apr 09 00:00:00 IST 93,0.0

firstName259,lastName259,Sun Jun 07 00:00:00 IST 95,0.0

firstName260,lastName260,Wed Oct 09 00:00:00 IST 93,0.0

firstName261,lastName261,Mon Apr 06 00:00:00 IST 95,0.0

firstName262,lastName262,Wed Jun 12 00:00:00 IST 93,0.0

firstName263,lastName263,Sun Jun 02 00:00:00 IST 93,0.0

firstName264,lastName264,Tue Jan 10 00:00:00 IST 92,0.0

firstName265,lastName265,Thu Dec 05 00:00:00 IST 93,0.0

firstName266,lastName266,Wed Nov 06 00:00:00 IST 93,0.0

firstName267,lastName267,Fri Mar 08 00:00:00 IST 93,0.0

firstName268,lastName268,Wed May 08 00:00:00 IST 93,0.0

firstName269,lastName269,Fri Jun 07 00:00:00 IST 93,0.0

firstName270,lastName270,Tue Feb 04 00:00:00 IST 94,0.0

firstName271,lastName271,Sun Feb 09 00:00:00 IST 94,0.0

firstName272,lastName272,Wed Oct 08 00:00:00 IST 94,0.0

firstName273,lastName273,Wed Mar 12 00:00:00 IST 94,0.0

firstName274,lastName274,Mon Mar 04 00:00:00 IST 93,0.0

firstName275,lastName275,Sun May 11 00:00:00 IST 94,0.0

firstName276,lastName276,Tue Oct 07 00:00:00 IST 94,0.0

firstName12,lastName12,Sun Jan 01 00:00:00 IST 92,8.0

firstName277,lastName277,Thu Aug 01 00:00:00 IST 93,0.0

firstName278,lastName278,Fri Oct 03 00:00:00 IST 94,0.0

firstName279,lastName279,Wed Jul 03 00:00:00 IST 93,0.0

firstName280,lastName280,Wed Jan 08 00:00:00 IST 94,0.0

firstName281,lastName281,Wed Apr 02 00:00:00 IST 94,0.0

firstName13,lastName13,Sun Dec 30 00:00:00 IST 92,10.0

firstName282,lastName282,Thu Apr 03 00:00:00 IST 94,0.0

firstName283,lastName283,Mon May 04 00:00:00 IST 95,0.0

firstName284,lastName284,Sun Sep 08 00:00:00 IST 93,0.0

firstName14,lastName14,Sun Jan 01 00:00:00 IST 92,8.0

firstName285,lastName285,Tue Apr 02 00:00:00 IST 93,0.0

firstName286,lastName286,Fri Mar 07 00:00:00 IST 94,0.0

firstName287,lastName287,Sat May 11 00:00:00 IST 93,0.0

firstName288,lastName288,Thu Feb 06 00:00:00 IST 94,0.0

firstName15,lastName15,Sun Dec 30 00:00:00 IST 92,8.0

firstName289,lastName289,Sat May 11 00:00:00 IST 93,0.0

